{"cameraMode":{"drawMode":0,"name":"Shaded","section":"Shading Mode"},"sceneLighting":true,"audioPlay":false,"sceneViewState":{"m_AlwaysRefresh":false,"showFog":true,"showSkybox":true,"showFlares":true,"showImageEffects":true,"showParticleSystems":true,"showVisualEffectGraphs":true,"m_FxEnabled":true},"in2DMode":false,"pivot":{"x":0.5917268395423889,"y":1.7855157852172852,"z":0.14121413230895997},"rotation":{"x":-0.05955046787858009,"y":0.7479572296142578,"z":-0.06773172318935394,"w":-0.6575985550880432},"size":6.848970413208008,"orthographic":false}